country,city,area,population
Abkhazia,Sukhumi,8600,216000
Afghanistan,Kabul,652090,29863010
Albania,Tirana,28748,3129678
Algeria,Algiers,2381741,32853800
Andorra,Andorra la Vella,468,67151
Angola,Luanda,1246700,15941390
Antigua and Barbuda,St. John's,442,81479
Argentina,Buenos Aires,2780400,38747150
Armenia,Yerevan,29800,3016312
Australia,Canberra,7741220,20155130
Austria,Vienna,83858,8189444
Azerbaijan,Baku,86600,8410801
Bahamas,Nassau,13878,323063
Bahrain,Manama,694,726617
Bangladesh,Dhaka,143998,141822300
Barbados,Bridgetown,430,269556
Belarus,Minsk,207600,9755106
Belgium,Brussels,30528,10419050
Belize,Belmopan,22966,269736
Benin,Cotonou,112622,8438853
Bhutan,Thimphu,47000,2162546
Bolivia,La Paz,1098581,9182015
Bosnia and Herzegovina,Sarajevo,51197,3907074
Botswana,Gaborone,581730,1764926
Brazil,Brasília,8514877,186404900
Brunei,Bandar Seri Begawan,5765,373819
Bulgaria,Sofia,110912,7725965
Burkina Faso,Ouagadougou,274000,13227840
Burundi,Bujumbura,27834,7547515
Cambodia,Phnom Penh,181035,14071010
Cameroon,Yaoundé,475442,16321860
Canada,Ottawa,9970610,32268240
Cape Verde,Praia,4033,506807
Central African Republic,Bangui,622984,4037747
Chad,N'Djamena,1284000,9748931
Chile,Valparaíso,756096,16295100
"China, People's Republic of",Beijing,9596961,1315844000
Colombia,Bogotá,1138914,45600240
Comoros,Moroni,2235,797902
"Congo, Democratic Republic of the",Kinshasa,2344858,57548740
"Congo, Republic of the",Brazzaville,342000,3998904
Costa Rica,San José,51100,4327228
Croatia,Zagreb,56538,4551338
Cuba,Havana,110861,11269400
Cyprus,Nicosia,3355,264172
Czech Republic,Prague,78866,10219600
Denmark,Copenhagen,43094,5430590
Djibouti,Djibouti City,23200,793078
Dominica,Roseau,751,78940
Dominican Republic,Santo Domingo,48671,8894907
Ecuador,Quito,283561,13228420
Egypt,Cairo,1001449,74032880
El Salvador,San Salvador,21041,6880951
Equatorial Guinea,Malabo,28051,503519
Eritrea,Asmara,117600,4401357
Estonia,Tallinn,45100,1329697
Ethiopia,Addis Ababa,1104300,77430700
Fiji,Suva,18274,847706
Finland,Helsinki,338145,5249060
France,Paris,551500,60495540
Gabon,Libreville,267668,1383841
Gambia,Banjul,11295,1517079
Georgia,Tbilisi,69700,4474404
Germany,Berlin,357022,82689210
Ghana,Accra,238533,22112810
Greece,Athens,131957,11119890
Grenada,St. George's,344,102924
Guatemala,Guatemala City,108889,12599060
Guinea,Conakry,245857,9402098
Guinea-Bissau,Bissau,36125,1586344
Guyana,Georgetown,214969,751218
Haiti,Port-au-Prince,27750,8527777
Honduras,Tegucigalpa,112088,7204723
Hungary,Budapest,93032,10097730
Iceland,Reykjavík,103000,294561
India,New Delhi,3287263,1103371000
Indonesia,Jakarta,1904569,222781500
Iran,Tehran,1648195,69515210
Iraq,Baghdad,438317,28807190
Ireland,Dublin,70273,4147901
Israel,Jerusalem,22145,6724564
Italy,Rome,301318,58092740
Ivory Coast,Abidjan,322463,18153870
Jamaica,Kingston,10991,2650713
Japan,Tokyo,377873,128084700
Jordan,Amman,89342,5702776
Kazakhstan,Astana,2724900,14825110
Kenya,Nairobi,580367,34255720
Kiribati,South Tarawa,726,99350
"Korea, North",Pyongyang,120538,22487660
"Korea, South",Seoul,99538,48846823
Kuwait,Kuwait City,17818,2686873
Kyrgyzstan,Bishkek,199900,5263794
Laos,Vientiane,236800,5924145
Latvia,Riga,64600,2306988
Lebanon,Beirut,10400,3576818
Lesotho,Maseru,30355,1794769
Liberia,Monrovia,111369,3283267
Libya,Tripoli,1759540,5853452
Liechtenstein,Vaduz,160,34521
Lithuania,Vilnius,65300,3431033
Luxembourg,Luxembourg City,2586,464904
"Macedonia, Former Yugoslavia Republic of",Skopje,25713,2034060
Madagascar,Antananarivo,587041,18605920
Malawi,Lilongwe,118484,12883940
Malaysia,Putrajaya,329847,25347370
Maldives,Malé,298,329198
Mali,Bamako,1240192,13518420
Malta,Valletta,316,401630
Marshall Islands,Majuro,181,61963
Mauritania,Nouakchott,1025520,3068742
Mauritius,Port Louis,2040,1244663
Mexico,Mexico City,1958201,107029400
"Micronesia, Federated States of",Palikir,702,110487
Moldova,Chisinau,33851,4205747
Monaco,Monaco,1,35253
Mongolia,Ulaanbaatar,1564116,2646487
Montenegro,Podgorica,14026,630548
Morocco,Rabat,446550,31478460
Mozambique,Maputo,801590,19792300
Myanmar (Burma),Naypyidaw,676578,50519490
Nagorno-Karabakh,Khankendi,4400,145000
Namibia,Windhoek,824292,2031252
Nauru,None,21,13635
Nepal,Kathmandu,147181,27132630
"Netherlands, The",Amsterdam,41528,16299170
New Zealand,Wellington,270534,4028384
Nicaragua,Managua,130000,5486685
Niger,Niamey,1267000,13956980
Nigeria,Abuja,923768,131529700
Norway,Oslo,385155,4620275
Oman,Muscat,309500,2566981
Pakistan,Islamabad,796095,157935100
Palau,Melekeok,459,19949
Panama,Panama City,75517,3231502
Papua New Guinea,Port Moresby,462840,5887138
Paraguay,Asunción,406752,6158259
Peru,Lima,1285216,27968240
Philippines,Manila,300000,83054480
Poland,Warsaw,312685,38529560
Portugal,Lisbon,91982,10494500
Qatar,Doha,11000,812842
Romania,Bucharest,238391,21711470
Russia,Moscow,17098242,143201600
Rwanda,Kigali,26338,9037690
Saint Kitts and Nevis,Basseterre,261,42696
Saint Lucia,Castries,539,160765
Saint Vincent and the Grenadines,Kingstown,388,119051
Samoa,Apia,2831,184984
San Marino,San Marino,61,28117
São Tomé and Príncipe,São Tomé,964,156523
Saudi Arabia,Riyadh,2149690,24573100
Senegal,Dakar,196722,11658170
Serbia,Belgrade,88361,9396411
Seychelles,Victoria,455,80654
Sierra Leone,Freetown,71740,5525478
Singapore,Singapore,699,4483900
Slovakia,Bratislava,49033,5400908
Slovenia,Ljubljana,20256,1966814
Solomon Islands,Honiara,28896,477742
Somalia,Mogadishu,637657,8227826
Somaliland,Hargeisa,137600,3500000
South Africa,Bloemfontein,1221037,47431830
South Ossetia,Tskhinvali,3900,70000
Spain,Madrid,505992,43064190
Sri Lanka,Kotte,65610,20742910
Sudan,Khartoum,2505813,36232950
Suriname,Paramaribo,163820,449238
Swaziland,Lobamba,17364,1032438
Sweden,Stockholm,449964,9041262
Switzerland,Bern,41284,7252331
Syria,Damascus,185180,19043380
Taiwan (Republic of China),Taipei,35980,22894384
Tajikistan,Dushanbe,143100,6506980
Tanzania,Dar es Salaam,945087,38328810
Thailand,Bangkok,513115,64232760
Togo,Lomé,56785,6145004
Tonga,Nuku'alofa,747,102311
Transnistria,Tiraspol,4163,555347
Trinidad and Tobago,Port of Spain,5130,1305236
Tunisia,Tunis,163610,10102470
Turkey,Ankara,783562,73192840
Turkish Republic of Northern Cyprus,Nicosia,3355,264172
Turkmenistan,Ashgabat,488100,4833266
Tuvalu,Funafuti,26,10441
Uganda,Kampala,241038,28816230
Ukraine,Kyiv,603700,46480700
United Arab Emirates,Abu Dhabi,83600,4495823
United Kingdom,London,242900,59667840
United States,"Washington, D.C.",9629091,298212900
Uruguay,Montevideo,175016,3463197
Uzbekistan,Tashkent,447400,26593120
Vanuatu,Port Vila,12189,211367
Vatican City,Vatican City,-,783
Venezuela,Caracas,912050,26749110
Vietnam,Hanoi,331689,84238230
Yemen,Sanaá,527968,20974660
Zambia,Lusaka,752618,11668460
Zimbabwe,Harare,390757,13009530
